Workbook

Sheet Cần mua
A1: EdgeFlow AI (đội 31µF): thiết bị còn thiếu cần mua
A2: Cập nhật 18/10/2026: sa bàn đổi sang 2 tấm 600 × 600 mm (chở xe máy), file in ở in_sa_ban/. 21 dòng đầu đã lên đơn trên icdayroi.com 17/10 (trong giỏ, chưa thanh toán, 730.900đ chưa gồm ship), ĐVT/SL/giá khớp đúng giỏ. Demo đưa video vào Pi thay camera, trụ chỉ treo đèn. Các dòng "Chưa đặt": đơn giá là ước tính, phải xin báo giá.
A3: Ô nền vàng do đội điền: số lượng cần mua, đơn giá (khi có báo giá mới), trạng thái đặt hàng. Chữ xanh dương = số nhập tay; chữ đen = công thức.
A5: STT | B5: Ưu tiên | C5: Thiết bị | D5: Thông số và lưu ý khi mua | E5: ĐVT | F5: SL cần mua | G5: Đơn giá thấp (đ) | H5: Đơn giá cao (đ) | I5: Thành tiền thấp (đ) | J5: Thành tiền cao (đ) | K5: Tình trạng hiện biết | L5: Nơi mua gợi ý | M5: Nguồn giá | N5: Đặt hàng
A6: 1 | B6: Bắt buộc | C6: Mạch LED đèn giao thông R/Y/G | D6: 2 nút × 4 mặt = 8 cụm, +2 dự phòng. Loại có sẵn trở, 4 chân đực R-Y-G-GND. | E6: cái | F6: 10 | G6: 10000 | H6: 10000 | I6: =F6*G6 | J6: =F6*H6 | K6: Trong giỏ icdayroi.com, chưa thanh toán | L6: icdayroi.com: Mạch led giao thông 5V | M6: Giá web icdayroi.com 17/10 | N6: Đã nhận
A7: 2 | B7: Bắt buộc | C7: Breadboard 830 lỗ | D7: Mỗi nút cắm ESP32 bắc cầu qua 2 tấm: cần 4, đã có 1 (đơn Bảo Anh). | E7: tấm | F7: 3 | G7: 35000 | H7: 35000 | I7: =F7*G7 | J7: =F7*H7 | K7: Trong giỏ icdayroi.com, chưa thanh toán | L7: icdayroi.com: Đế test board, bread board MB-102 loại tốt | M7: Giá web icdayroi.com 17/10 | N7: Đã nhận
A8: 3 | B8: Bắt buộc | C8: Logic analyzer USB 8 kênh 24 MHz | D8: Bằng chứng timing độc lập (PulseView): CH0–5 vào GPIO 23/22/21/19/18/5, CH6 vào GPIO 4. Cáp kèm theo là đầu USB-A: cắm qua hub (dòng Hub, chưa mua). | E8: cái | F8: 1 | G8: 189000 | H8: 189000 | I8: =F8*G8 | J8: =F8*H8 | K8: Trong giỏ icdayroi.com, chưa thanh toán | L8: icdayroi.com: Bộ đo xung USB Saleae Logic Analyzer 8 kênh 24Mhz | M8: Giá web icdayroi.com 17/10 | N8: Đã nhận
A9: 4 | B9: Bắt buộc | C9: Cáp micro-USB truyền dữ liệu (đầu USB-A) | D9: Trang bán ghi rõ vừa truyền dữ liệu vừa cấp nguồn, dài 1 m. Nạp firmware, log TRACE cho 2–3 ESP32. | E9: sợi | F9: 3 | G9: 20000 | H9: 20000 | I9: =F9*G9 | J9: =F9*H9 | K9: Trong giỏ icdayroi.com, chưa thanh toán | L9: icdayroi.com: Dây cáp micro USB 1M | M9: Giá web icdayroi.com 17/10 | N9: Đã nhận
A10: 5 | B10: Bắt buộc | C10: Jack DC cái 5.5 × 2.1 mm ra domino | D10: X1 trên bản vẽ A.2, loại có cầu đấu vít, cắm adapter 5 V/4 A (đã có). 1 dùng + 1 dự phòng. | E10: cái | F10: 2 | G10: 3000 | H10: 3000 | I10: =F10*G10 | J10: =F10*H10 | K10: Trong giỏ icdayroi.com, chưa thanh toán | L10: icdayroi.com: Jack DC 5.5X2.1 DC Female | M10: Giá web icdayroi.com 17/10 | N10: Đã nhận
A11: 6 | B11: Bắt buộc | C11: Cầu chì tự phục hồi PTC | D11: F1 trên bản vẽ A.2. RXEF075: dòng giữ 0,75 A (trong khoảng 0,5–1 A của thiết kế), chân cắm xuyên lỗ. 1 dùng, còn lại dự phòng. | E11: cái | F11: 4 | G11: 1000 | H11: 1000 | I11: =F11*G11 | J11: =F11*H11 | K11: Trong giỏ icdayroi.com, chưa thanh toán | L11: icdayroi.com: Cầu chì tự phục hồi RXEF075 72V 0.75A | M11: Giá web icdayroi.com 17/10 | N11: Đã nhận
A12: 7 | B12: Bắt buộc | C12: Diode Schottky 1N5819 | D12: D1 trên bản vẽ A.2, chống ngược cực. Loại chân cắm, gói 10 con (cần 5). | E12: gói 10 | F12: 1 | G12: 4000 | H12: 4000 | I12: =F12*G12 | J12: =F12*H12 | K12: Trong giỏ icdayroi.com, chưa thanh toán | L12: icdayroi.com: Diode schottky 1N5819 1A 40V (gói 10 con) | M12: Giá web icdayroi.com 17/10 | N12: Đã nhận
A13: 8 | B13: Bắt buộc | C13: Domino 3 cực bước 5 mm | D13: X2 trên bản vẽ A.2: chia 5 V và GND tới VIN của 2 ESP32. KF301 chân cắm được breadboard. 1 dùng + 1 dự phòng. | E13: cái | F13: 2 | G13: 1200 | H13: 1200 | I13: =F13*G13 | J13: =F13*H13 | K13: Trong giỏ icdayroi.com, chưa thanh toán | L13: icdayroi.com: Domino KF301-3P-5.0MM | M13: Giá web icdayroi.com 17/10 | N13: Đã nhận
A14: 9 | B14: Bắt buộc | C14: Nút nhấn tự giữ (safe-stop) | D14: GPIO 4 ↔ GND. Loại 8 × 8 mm 6 chân cắm thẳng breadboard; đo bằng đồng hồ để chọn cặp chân thường mở. Muốn nút to cho demo: PBS-11A đỏ có dây sẵn, 7.000đ cùng shop. 2 dùng + 1 dự phòng. | E14: cái | F14: 3 | G14: 1500 | H14: 1500 | I14: =F14*G14 | J14: =F14*H14 | K14: Trong giỏ icdayroi.com, chưa thanh toán | L14: icdayroi.com: Nút nhấn 6 Chân 8x8MM ( Nhấn Giữ) | M14: Giá web icdayroi.com 17/10 | N14: Đã nhận
A15: 10 | B15: Bắt buộc | C15: Ống co nhiệt 3 mm | D15: Bọc mối hàn rẽ nhánh ở đầu cần đèn (mỗi lõi hàn ra 2 dây dupont cái, A.4). | E15: m | F15: 2 | G15: 2500 | H15: 2500 | I15: =F15*G15 | J15: =F15*H15 | K15: Trong giỏ icdayroi.com, chưa thanh toán | L15: icdayroi.com: Ống co nhiệt 3MM (mét) | M15: Giá web icdayroi.com 17/10 | N15: Đã nhận
A16: 11 | B16: Bắt buộc | C16: Dây rút 4 × 150 mm | D16: Bó cáp theo trụ; 150 mm đủ quấn quanh nhôm 20 × 20 kèm cáp. | E16: túi | F16: 1 | G16: 10000 | H16: 10000 | I16: =F16*G16 | J16: =F16*H16 | K16: Trong giỏ icdayroi.com, chưa thanh toán | L16: icdayroi.com: Dây rút 4x150mm (túi) | M16: Giá web icdayroi.com 17/10 | N16: Đã nhận
A17: 12 | B17: Bắt buộc | C17: Nhôm định hình 20 × 20, dài 20 cm | D17: 2 thân trụ + 2 cần đèn. Không cần cưa: cần đèn ở độ cao 160 mm (bo_tri.py) nên trụ 20 cm là đủ; cần dài 141 mm theo thiết kế thì trượt ke dọc rãnh, phần thừa để phía sau trụ. | E17: thanh | F17: 4 | G17: 26000 | H17: 26000 | I17: =F17*G17 | J17: =F17*H17 | K17: Trong giỏ icdayroi.com, chưa thanh toán | L17: icdayroi.com: Nhôm định hình 20x20 dài 20cm | M17: Giá web icdayroi.com 17/10 | N17: Đã nhận
... A46: 41 | B46: Nếu cần | C46: Nút dừng khẩn nấm đỏ 22 mm, thường đóng (NC) | D46: Cho chung kết: nút hiện tại đứt dây thì không dừng được (O9). Đổi sang NC phải đảo logic firmware. | E46: cái | F46: 2 | G46: 35000 | H46: 45000 | I46: =F46*G46 | J46: =F46*H46 | K46: Chưa có (ngoài đơn Bảo Anh) | L46: Nhật Tảo, Shopee (icdayroi không có) | M46: Ước tính 04/10, chưa hỏi giá | N46: Đã thêm vào giỏ hàng Shopee
C47: Tổng (cận dưới / cận trên) | I47: =SUM(I6:I46) | J47: =SUM(J6:J46)

Sheet Kiểm tra đủ
A1: Đối chiếu đủ linh kiện theo bản vẽ A.1–A.4: đồ đã có + đồ mua mới
A2: Mỗi dòng là một bước lắp hoặc một mối nối. Cột "Mua mới" khớp tên dòng trong sheet "Cần mua". Dòng nào cả hai cột đều trống là phần không cần linh kiện.
A4: Khối | B4: Bước lắp / mối nối | C4: Đã có | D4: Mua mới | E4: Ghi chú
A5: A. Khối AI biên | B5: Pi 5 + nguồn | C5: Raspberry Pi 5 4 GB, nguồn USB-C
A6: A. Khối AI biên | B6: Ghi hệ điều hành | C6: Thẻ microSD 64 GB; khe SD trên MacBook | D6: Đầu chuyển microSD → SD (nếu thẻ không kèm)
A7: A. Khối AI biên | B7: Làm mát, vỏ | C7: Tản nhiệt + quạt, vỏ ABS | D7: Băng keo 2 mặt (dán vỏ xuống sa bàn)
A8: A. Khối AI biên | B8: Đầu vào thị giác: video phát lại (từ 17/10) | C8: File video; thẻ microSD | E8: VIDEO_SOURCE = đường dẫn file trên Pi; chép video lên Pi qua scp. Camera Module 3 không dùng trong demo, cáp camera chỉ cần nếu tự quay video.
A9: A. Khối AI biên | B9: Mạng MQTT | C9: Wi-Fi nhà (2.4 GHz); laptop | E9: Ở hội trường: hotspot điện thoại 2.4 GHz (xem Ghi chú)
A10: B. Nút chấp hành ×2 | B10: Vi điều khiển | C10: ESP32 NodeMCU-32S ×3 (2 + 1 dự phòng) | E10: Giả định đơn HSHOP đã về đủ 3 con
A11: B. Nút chấp hành ×2 | B11: Breadboard, 2 tấm mỗi nút | C11: Breadboard ×1 | D11: Breadboard ×3
A12: B. Nút chấp hành ×2 | B12: Nạp firmware, log TRACE từ MacBook | D12: Cáp micro-USB dữ liệu ×3; hub USB-C → USB-A (chưa mua) | E12: MacBook chỉ có cổng USB-C
A13: B. Nút chấp hành ×2 | B13: Nguồn: adapter → X1 → F1 → D1 → X2 → VIN | C13: Adapter 5 V/4 A | D13: Jack DC (X1), PTC (F1), 1N5819 (D1), domino (X2), tụ 1000 µF ở VIN mỗi ESP32, bó dây cắm test board | E13: Tụ 1000 µF thêm 17/10, chưa có trên bản vẽ A.2
A14: B. Nút chấp hành ×2 | B14: GPIO → breadboard → cáp lên trụ | D14: CAT5e lõi đặc 3 m (W1, W2 cắt 1,0 m mỗi sợi) (chưa mua)
A15: B. Nút chấp hành ×2 | B15: Rẽ nhánh ở đầu cần: mỗi lõi hàn ra 2 đầu dupont cái | C15: Dây dupont 20 cm F-F, M-F (cắt đôi lấy đầu cái) | D15: Ống co nhiệt 3 mm; mỏ hàn (nếu chưa có) | E15: Cần 32 đầu cái cho 2 nút; 2 bộ 40 sợi đã có là đủ
A16: B. Nút chấp hành ×2 | B16: Cụm đèn 4 mặt | D16: Module đèn ×10; lõi cụm = nhôm 20 × 20 dài 10 cm; ke treo dưới cần; băng keo 2 mặt / keo nến
A17: B. Nút chấp hành ×2 | B17: Safe-stop GPIO 4 ↔ GND | C17: Dây dupont M-M | D17: Nút nhấn tự giữ 8 × 8 mm ×3
A18: B. Nút chấp hành ×2 | B18: Đo timing độc lập | C18: Dây dupont M-M (điểm kẹp) | D18: Logic analyzer; hub USB-C → USB-A (chưa mua)
A19: C. Sa bàn và trụ | B19: Mặt sa bàn: 1 tấm bạt 1200 × 600 (cuộn được) | D19: Bạt Hiflex mờ 1200 × 600 mm ×1 (chưa in) | E19: File in và phiếu đặt: in_sa_ban/ (từ 18/10, thay tấm A0)
A20: C. Sa bàn và trụ | B20: Đế trụ MDF 6 ly 200 × 200 (cáp W, P3 dán sát mặt bạt) | D20: Đế MDF 200 × 200 × 6 mm ×2 (chưa làm) | E20: Bản vẽ: PHIEU_DAT_IN.pdf trang 2
A21: C. Sa bàn và trụ | B21: Giữ bạt phẳng | D21: Băng keo vải 48 mm ×2 cuộn; bàn phẳng, cứng | E21: Dán 4 góc bạt xuống bàn
A22: C. Sa bàn và trụ | B22: Trụ ×2 (thân + cần đèn) | D22: Nhôm 20 × 20: 4 × 20 cm (2 thân + 2 cần) + 2 × 10 cm (lõi cụm đèn); 10 ke; 15 con trượt T; ốc M5 10 mm ×20, M5 20 mm ×5; tán, long đền M5 | E22: Từ 17/10 không còn cần camera, trụ chỉ cao 20 cm
A23: C. Sa bàn và trụ | B23: Lỗ ốc ke chân trụ trên đế MDF | D23: Khoan (dụng cụ) | E23: 4 lỗ ốc ke Ø5,5 đội khoan theo ke thật; bu lông đầu chìm để đế nằm sát bạt
A24: C. Sa bàn và trụ | B24: Xe trên sa bàn | D24: Xe 1:64 (Nếu cần: trang trí hoặc quay video)
A25: D. Bàn demo | B25: Điện cho Pi, adapter, laptop, điện thoại | D25: Ổ cắm nối dài ≥ 5 lỗ
A26: D. Bàn demo | B26: Nhãn cáp (plan yêu cầu) | D26: Tờ nhãn decal A4 (in cùng đơn sa bàn)
A27: D. Bàn demo | B27: Bảng giới thiệu cạnh sa bàn | D27: Bảng giới thiệu A3 (Nên có)
A28: E. Đã có nhưng không dùng | B28: Cảm biến IR ×12, relay ×1, cáp micro HDMI, Camera Module 3 | C28: Đơn Bảo Anh | E28: HDMI chỉ để debug Pi khi cần màn hình. Camera chỉ dùng nếu tự quay video.

Sheet Tổng hợp
A1: Tổng hợp theo mức ưu tiên
A2: Tự cập nhật theo sheet "Cần mua". Thành tiền = SL cần mua × đơn giá.
A4: Ưu tiên | B4: Số món cần mua | C4: Thành tiền thấp (đ) | D4: Thành tiền cao (đ)
A5: Bắt buộc | B5: =COUNTIFS('Cần mua'!$B$6:$B$46,A5,'Cần mua'!$F$6:$F$46,">0") | C5: =SUMIFS('Cần mua'!$I$6:$I$46,'Cần mua'!$B$6:$B$46,A5) | D5: =SUMIFS('Cần mua'!$J$6:$J$46,'Cần mua'!$B$6:$B$46,A5)
A6: Nên có | B6: =COUNTIFS('Cần mua'!$B$6:$B$46,A6,'Cần mua'!$F$6:$F$46,">0") | C6: =SUMIFS('Cần mua'!$I$6:$I$46,'Cần mua'!$B$6:$B$46,A6) | D6: =SUMIFS('Cần mua'!$J$6:$J$46,'Cần mua'!$B$6:$B$46,A6)
A7: Nếu cần | B7: =COUNTIFS('Cần mua'!$B$6:$B$46,A7,'Cần mua'!$F$6:$F$46,">0") | C7: =SUMIFS('Cần mua'!$I$6:$I$46,'Cần mua'!$B$6:$B$46,A7) | D7: =SUMIFS('Cần mua'!$J$6:$J$46,'Cần mua'!$B$6:$B$46,A7)
A8: Bắt buộc + Nên có | B8: =SUM(B5:B6) | C8: =SUM(C5:C6) | D8: =SUM(D5:D6)
A9: Tất cả | B9: =SUM(B5:B7) | C9: =SUM(C5:C7) | D9: =SUM(D5:D7)
A11: Đặt hàng | B11: Số dòng | C11: Thành tiền thấp (đ) | D11: Thành tiền cao (đ)
A12: Đã lên đơn web | B12: =COUNTIFS('Cần mua'!$N$6:$N$46,A12,'Cần mua'!$F$6:$F$46,">0") | C12: =SUMIFS('Cần mua'!$I$6:$I$46,'Cần mua'!$N$6:$N$46,A12) | D12: =SUMIFS('Cần mua'!$J$6:$J$46,'Cần mua'!$N$6:$N$46,A12)
A13: Chưa đặt | B13: =COUNTIFS('Cần mua'!$N$6:$N$46,A13,'Cần mua'!$F$6:$F$46,">0") | C13: =SUMIFS('Cần mua'!$I$6:$I$46,'Cần mua'!$N$6:$N$46,A13) | D13: =SUMIFS('Cần mua'!$J$6:$J$46,'Cần mua'!$N$6:$N$46,A13)
A14: Dòng "Đã lên đơn web" phải bằng tổng giỏ icdayroi.com: 730.900đ (17/10, chưa gồm ship).
A16: Tham khảo: plan (2) đề xuất trần ngân sách 8,5 triệu cho cả dự án (tính cả đồ đã mua trước, như Pi 5 và ESP32). BTC hỗ trợ 2 triệu nếu có sản phẩm trình bày tại bán kết: giữ hóa đơn.

Sheet Ghi chú
A1: Cập nhật 18/10 (chiều): sa bàn 1 tấm bạt
A2: • Đội in 1 tấm bạt 1200 × 600 mm cuộn được (thay 2 tấm fomex 600 × 600 + 2 khay), vì quan trọng nhất là mô hình chạy và điều khiển đèn chuẩn xác. Bạt trải lên bàn phẳng; mỗi trụ đứng trên 1 đế MDF 6 ly 200 × 200. Mặt đường, trụ, cụm đèn giữ như bo_tri.py; ESP32 + breadboard và Pi đặt thẳng trên bạt.
A3: • File mang ra tiệm nằm ở in_sa_ban/: phiếu đặt + bản vẽ đế trụ (PHIEU_DAT_IN.pdf), 1 file mặt bạt 1:1 (1240 × 640 mm gồm tràn lề), tờ nhãn A4, bảng giới thiệu A3. Phiếu trang 3: kiểm khớp từng thiết bị (14/14 đạt), chiều dài cáp, cách lắp và chở.
A4: • Không còn lỗ luồn dây: cáp W và dây P3 dán băng keo vải sát mặt bạt. Trụ không bắt xuống bàn nên phải lắc thử; nếu lung lay thì dằn thêm lên đế.
A5: • Giá bạt, đế MDF, nhãn, bảng A3 là ước tính 18/10, phải hỏi tiệm. Đã bỏ khỏi danh sách: 2 tấm decal bồi fomex, 2 khay đế, kẹp bướm.
A6: • Hình 3D và bản vẽ báo cáo (H4.x, Phụ lục A) vẫn vẽ tấm A0, chưa sửa. Khi dựng lại thì giữ camera trên trụ để minh họa hệ thống; bản in chỉ là mặt sa bàn để lắp linh kiện thật.
A8: Cập nhật 17/10
A9: • Đã lên đơn (bỏ vào giỏ) trên icdayroi.com: 21 dòng đầu sheet "Cần mua", tổng 730.900đ, chưa gồm phí ship, CHƯA thanh toán. Cột Đặt hàng = "Đã lên đơn web". ĐVT, SL và giá của các dòng này khớp đúng giỏ.
A10: • Đổi thiết kế (Hiển 17/10): demo đưa file video vào Pi thay camera thật. Đã bỏ khỏi giỏ: đồ gắn camera (ốc M2, tán M2, tấm PCB đế) và 2 thanh nhôm 50 cm. Trụ còn 20 cm vì cần đèn ở 160 mm (bo_tri.py). Cáp camera, xe 1:64 và đèn chiếu xuống mức Nếu cần.
A11: • Không phải cưa nhôm: shop chỉ bán thanh cắt sẵn (10–60 cm). Cần đèn dài 141 mm theo thiết kế thì trượt ke dọc rãnh; lõi cụm đèn dùng thanh 10 cm (thiết kế 40 mm).
A12: • Thêm để chạy ổn định: tụ 1000 µF ở VIN mỗi ESP32, bó dây cắm test board.
A13: • Đã tìm nhưng chưa có nơi bán trên web: CAT5e lõi đặc theo mét (icdayroi chỉ có dây bấm sẵn 26 AWG, lõi bện), hub USB-C (icdayroi, HSHOP không có), băng keo 2 mặt, nhãn cáp. Shopee bắt đăng nhập nên chưa tìm được ở đó. Foam + decal và hộp đế làm ở tiệm quảng cáo.
... A37: • Trả lời của Hiển 16/10 (đồ đã có) và 17/10 (demo dùng video thay camera).
